time,subreddit,ave_score,num_authors,num_comments,month
2015-01,AdviceAnimals,10.24847285,136378,504371,1
2015-01,AskReddit,11.48011413,643740,4269857,1
2015-01,aww,8.074102975,74583,153307,1
2015-01,DotA2,4.079502945,34256,359142,1
2015-01,explainlikeimfive,6.015310676,66042,201968,1
2015-01,funny,10.38760639,282159,852074,1
2015-01,gaming,7.884800189,109852,345754,1
2015-01,gifs,12.90474745,95528,204687,1
2015-01,GlobalOffensive,3.843694748,38663,322089,1
2015-01,IAmA,18.98259337,91925,183893,1
2015-01,leagueoflegends,5.564825811,107454,862103,1
2015-01,mildlyinteresting,8.513605531,56880,118486,1
2015-01,movies,8.435167316,89335,349445,1
2015-01,Music,5.412947023,54417,110072,1
2015-01,nba,8.420570182,33066,492437,1
2015-01,news,6.837253844,82660,401572,1
2015-01,nfl,8.725342698,58489,848221,1
2015-01,pcmasterrace,4.640883281,64789,459176,1
2015-01,pics,10.572907,243945,681460,1
2015-01,politics,5.14457117,37536,202434,1
2015-01,Showerthoughts,7.745657713,64520,157081,1
2015-01,soccer,9.669210912,34005,341752,1
2015-01,technology,9.795366002,48757,142819,1
2015-01,tifu,12.70869709,75327,205102,1
2015-01,todayilearned,10.58889255,163378,557694,1
2015-01,trees,5.120022864,51597,228694,1
2015-01,videos,11.95496229,160336,527124,1
2015-01,worldnews,7.490242648,113697,556637,1
2015-01,WTF,11.64616098,123356,365673,1
2015-02,AdviceAnimals,10.64296049,127348,454656,2
2015-02,AskReddit,11.81491849,571400,3491275,2
2015-02,aww,8.884745279,62192,134783,2
2015-02,DotA2,4.786159228,38178,376556,2
2015-02,explainlikeimfive,6.460055362,55132,172775,2
2015-02,funny,11.06138349,236741,736143,2
2015-02,gaming,8.263674417,109568,339042,2
2015-02,gifs,13.87805205,84466,182335,2
2015-02,GlobalOffensive,4.314413849,34757,266439,2
2015-02,IAmA,16.74220103,66905,138976,2
2015-02,leagueoflegends,6.562867677,99966,887453,2
2015-02,mildlyinteresting,9.431458798,50170,99040,2
2015-02,movies,9.903571088,84934,299912,2
2015-02,Music,7.264556752,68091,133408,2
2015-02,nba,8.48863336,32201,458774,2
2015-02,news,7.827927388,84560,365262,2
2015-02,nfl,9.78104462,48154,485899,2
2015-02,pcmasterrace,4.800124385,48529,361222,2
2015-02,pics,11.28533776,225647,600002,2
2015-02,politics,5.246539899,33786,183069,2
2015-02,Showerthoughts,8.218934265,59655,145287,2
2015-02,soccer,8.879347545,32911,338891,2
2015-02,technology,10.49141552,49945,129917,2
2015-02,tifu,12.05265071,52214,134977,2
2015-02,todayilearned,10.59813232,148557,493329,2
2015-02,trees,5.14716052,46999,185654,2
2015-02,videos,12.4807455,158043,457243,2
2015-02,worldnews,7.444765553,107287,509601,2
2015-02,WTF,12.99093972,114170,353072,2
2015-03,AdviceAnimals,11.26032927,126024,448040,3
2015-03,AskReddit,13.01911553,580749,3599022,3
2015-03,aww,10.26322848,69468,144089,3
2015-03,DotA2,4.615545039,37951,347120,3
2015-03,explainlikeimfive,6.967498958,62669,188647,3
2015-03,funny,11.22082971,232855,756688,3
2015-03,gaming,8.453695386,124918,361288,3
2015-03,gifs,14.49424399,99841,237543,3
2015-03,GlobalOffensive,4.903157164,37810,302119,3
2015-03,IAmA,17.66147308,65520,137627,3
2015-03,leagueoflegends,6.368457008,103176,920052,3
2015-03,mildlyinteresting,10.23566025,59672,118079,3
2015-03,movies,9.882101981,85540,310323,3
2015-03,Music,8.28456689,61602,119846,3
2015-03,nba,8.621762976,33384,479515,3
2015-03,news,7.83242483,85170,389179,3
2015-03,nfl,9.95359262,44162,625002,3
2015-03,pcmasterrace,4.990882939,55397,415319,3
2015-03,pics,11.97854729,230842,637776,3
2015-03,politics,6.200344685,41156,223059,3
2015-03,Showerthoughts,8.429159908,62012,152254,3
2015-03,soccer,9.866549716,37936,388478,3
2015-03,technology,9.484338673,47776,135401,3
2015-03,tifu,11.991596,51207,144542,3
2015-03,todayilearned,11.31308194,155751,506331,3
2015-03,trees,5.449585924,46631,202711,3
2015-03,videos,13.42828712,158644,492055,3
2015-03,worldnews,7.970900638,105630,512359,3
2015-03,WTF,13.00443273,128470,375303,3
2015-04,AdviceAnimals,10.81655036,123015,447845,4
2015-04,AskReddit,13.29681394,598204,3741386,4
2015-04,aww,10.33761148,73438,140231,4
2015-04,DotA2,5.057919831,35363,355809,4
2015-04,explainlikeimfive,6.500674902,60540,187290,4
2015-04,funny,11.80773061,224339,706392,4
2015-04,gaming,8.968101582,119447,402170,4
2015-04,gifs,14.66635292,100521,230830,4
2015-04,GlobalOffensive,4.704105498,42309,316745,4
2015-04,IAmA,21.82722696,78206,157280,4
2015-04,leagueoflegends,6.391603636,104421,888285,4
2015-04,mildlyinteresting,10.64214148,56166,109905,4
2015-04,movies,10.82085016,98621,353482,4
2015-04,Music,7.563899942,60829,107291,4
2015-04,nba,8.454075598,40328,671014,4
2015-04,news,8.690005959,101793,519190,4
2015-04,nfl,9.398370588,34620,371486,4
2015-04,pcmasterrace,5.584877528,68734,482779,4
2015-04,pics,12.05899113,217321,579654,4
2015-04,politics,5.938120509,42334,236947,4
2015-04,Showerthoughts,9.08737902,61112,154204,4
2015-04,soccer,9.686088464,34725,383159,4
2015-04,technology,10.07257426,46379,127154,4
2015-04,tifu,13.39777969,51470,133859,4
2015-04,todayilearned,11.39875291,148149,463957,4
2015-04,trees,5.696674558,48290,190023,4
2015-04,videos,13.21645226,163750,490299,4
2015-04,worldnews,7.657749077,100060,411587,4
2015-04,WTF,13.65805983,120034,363087,4
2015-05,AdviceAnimals,11.26349152,117072,388715,5
2015-05,AskReddit,13.38879449,596523,3899882,5
2015-05,aww,10.44734029,72095,140713,5
2015-05,DotA2,4.884278268,42074,431949,5
2015-05,explainlikeimfive,7.239787263,63181,193610,5
2015-05,funny,12.04534533,229077,673473,5
2015-05,gaming,9.629766313,112998,322635,5
2015-05,gifs,15.21015942,102389,230351,5
2015-05,GlobalOffensive,4.418230119,49529,357464,5
2015-05,IAmA,20.78256795,68165,140028,5
2015-05,leagueoflegends,5.995574824,112410,1221609,5
2015-05,mildlyinteresting,10.81618839,55013,105022,5
2015-05,movies,9.834719731,94092,364095,5
2015-05,Music,7.179330789,46498,92264,5
2015-05,nba,9.033962157,46158,682308,5
2015-05,news,8.672719317,99301,490294,5
2015-05,nfl,9.048543217,41893,530073,5
2015-05,pcmasterrace,4.343086736,90517,521310,5
2015-05,pics,12.22200664,213869,594604,5
2015-05,politics,5.644439692,40696,238380,5
2015-05,Showerthoughts,9.483811057,66537,164777,5
2015-05,soccer,10.6461211,41751,462496,5
2015-05,technology,10.26130932,46071,119276,5
2015-05,tifu,12.3171489,51430,139468,5
2015-05,todayilearned,11.67260872,152923,474298,5
2015-05,trees,5.550473232,43632,175151,5
2015-05,videos,13.03004117,164153,513466,5
2015-05,worldnews,7.910859656,103270,416761,5
2015-05,WTF,13.19782691,129210,394421,5
2015-06,AdviceAnimals,10.75604878,104684,358938,6
2015-06,AskReddit,13.43755781,576059,3773784,6
2015-06,aww,9.862291784,67996,135345,6
2015-06,DotA2,5.070651996,42757,419342,6
2015-06,explainlikeimfive,7.110563254,57873,185711,6
2015-06,funny,11.97574316,220669,672057,6
2015-06,gaming,9.41992439,140550,461620,6
2015-06,gifs,14.80029287,96582,213596,6
2015-06,GlobalOffensive,4.432861593,47729,358017,6
2015-06,IAmA,21.78621341,69669,144460,6
2015-06,leagueoflegends,6.324334805,97589,822169,6
2015-06,mildlyinteresting,10.27991158,56868,109571,6
2015-06,movies,10.61625926,86544,290960,6
2015-06,Music,6.328251268,63826,142501,6
2015-06,nba,9.297527517,47077,673230,6
2015-06,news,8.542816721,103540,479767,6
2015-06,nfl,9.796902634,30395,314114,6
2015-06,pcmasterrace,4.736402587,77700,551899,6
2015-06,pics,11.77457857,189285,554253,6
2015-06,politics,5.524895503,44362,272862,6
2015-06,Showerthoughts,9.449281572,65251,175437,6
2015-06,soccer,9.682870598,43583,427515,6
2015-06,technology,10.34763756,47355,124678,6
2015-06,tifu,13.08317173,44786,113859,6
2015-06,todayilearned,11.51953892,137121,434373,6
2015-06,trees,5.349675955,43112,158700,6
2015-06,videos,12.52588475,159358,514778,6
2015-06,worldnews,8.212522091,105056,423502,6
2015-06,WTF,13.28789329,118279,357170,6
2015-07,AdviceAnimals,10.91421815,106617,347252,7
2015-07,AskReddit,13.13150427,597916,4269952,7
2015-07,aww,10.35328906,67229,139202,7
2015-07,DotA2,4.937400437,43629,428329,7
2015-07,explainlikeimfive,6.831518486,60394,196208,7
2015-07,funny,11.76687673,219125,641161,7
2015-07,gaming,9.710832861,121112,347881,7
2015-07,gifs,14.38900772,103930,254110,7
2015-07,GlobalOffensive,4.926901945,52740,448573,7
2015-07,IAmA,17.44285678,75115,166021,7
2015-07,leagueoflegends,5.928255199,103058,1083077,7
2015-07,mildlyinteresting,9.345916493,63195,115169,7
2015-07,movies,11.04670078,103447,360330,7
2015-07,Music,6.93628425,60357,122098,7
2015-07,nba,9.40199191,42470,725485,7
2015-07,news,8.442876233,111806,526086,7
2015-07,nfl,9.375495997,34516,393694,7
2015-07,pcmasterrace,4.192583295,89505,543425,7
2015-07,pics,11.85496644,220334,602912,7
2015-07,politics,5.427805829,49226,308819,7
2015-07,Showerthoughts,9.321627006,74274,197934,7
2015-07,soccer,9.764042965,44259,486497,7
2015-07,technology,12.64540549,60765,177545,7
2015-07,tifu,13.15975974,50173,137524,7
2015-07,todayilearned,12.66730861,160756,487146,7
2015-07,trees,5.137148572,41739,157049,7
2015-07,videos,13.27066069,174176,555266,7
2015-07,worldnews,8.088423282,120793,518418,7
2015-07,WTF,13.75594526,127443,370330,7
2015-08,AdviceAnimals,11.36612179,100070,324495,8
2015-08,AskReddit,12.88727015,577543,4242954,8
2015-08,aww,10.55221651,70977,145990,8
2015-08,DotA2,5.405486717,50299,602628,8
2015-08,explainlikeimfive,7.43894621,59011,183475,8
2015-08,funny,12.15484417,220383,670906,8
2015-08,gaming,9.55213689,120826,336519,8
2015-08,gifs,15.35799704,110399,243681,8
2015-08,GlobalOffensive,4.596877277,53456,476779,8
2015-08,IAmA,18.93428907,69756,135334,8
2015-08,leagueoflegends,5.892346482,107406,1073397,8
2015-08,mildlyinteresting,10.19007033,61852,126538,8
2015-08,movies,10.69925725,100731,362367,8
2015-08,Music,6.679476915,59473,122582,8
2015-08,nba,9.137964642,27136,285783,8
2015-08,news,8.780752286,112103,506800,8
2015-08,nfl,9.484223898,42230,523581,8
2015-08,pcmasterrace,3.46332761,120979,734944,8
2015-08,pics,12.24957407,219741,605529,8
2015-08,politics,5.694696581,52808,338867,8
2015-08,Showerthoughts,9.365054107,76961,196745,8
2015-08,soccer,9.804561336,39202,490546,8
2015-08,technology,11.18546325,52759,151835,8
2015-08,tifu,14.11666307,52428,129296,8
2015-08,todayilearned,12.19821778,153367,510290,8
2015-08,trees,5.424053491,40067,155949,8
2015-08,videos,12.94306943,158440,503207,8
2015-08,worldnews,9.03368584,117611,475269,8
2015-08,WTF,13.41217096,134227,383790,8
2015-09,AdviceAnimals,11.06774424,95420,304814,9
2015-09,AskReddit,13.52425606,557011,3701082,9
2015-09,aww,10.54130833,67847,149879,9
2015-09,DotA2,5.034763682,43632,405438,9
2015-09,explainlikeimfive,6.916123736,58845,190073,9
2015-09,funny,11.9292887,226948,681717,9
2015-09,gaming,9.79003182,111865,324630,9
2015-09,gifs,14.71186505,99080,243422,9
2015-09,GlobalOffensive,5.198421979,54774,390043,9
2015-09,IAmA,21.82922972,58794,113217,9
2015-09,leagueoflegends,5.855273248,96378,967696,9
2015-09,mildlyinteresting,10.41321081,57802,105178,9
2015-09,movies,10.48512711,85285,288734,9
2015-09,Music,7.796923223,50264,103798,9
2015-09,nba,9.350266226,23787,194682,9
2015-09,news,8.769678778,100562,463736,9
2015-09,nfl,8.628336257,56827,848707,9
2015-09,pcmasterrace,4.256221177,82223,469521,9
2015-09,pics,12.12355562,199081,593285,9
2015-09,politics,5.858873289,54293,391877,9
2015-09,Showerthoughts,9.113300593,73562,192952,9
2015-09,soccer,10.9442742,38542,409033,9
2015-09,technology,10.06927996,44908,131857,9
2015-09,tifu,14.20825773,47448,116583,9
2015-09,todayilearned,12.88353317,159079,482776,9
2015-09,trees,5.272068141,36583,133648,9
2015-09,videos,12.81571677,164861,548370,9
2015-09,worldnews,8.526926747,120666,555438,9
2015-09,WTF,14.13379996,108104,309367,9
2015-10,AdviceAnimals,11.85429248,105223,338601,10
2015-10,AskReddit,13.75743297,562952,3620525,10
2015-10,aww,10.90175065,71058,136371,10
2015-10,DotA2,5.093064641,41563,450565,10
2015-10,explainlikeimfive,7.179739345,62669,189575,10
2015-10,funny,12.17749392,219710,671583,10
2015-10,gaming,9.609141164,124166,376192,10
2015-10,gifs,15.3348506,115888,277027,10
2015-10,GlobalOffensive,4.94250309,51951,394150,10
2015-10,IAmA,17.38168548,51827,114235,10
2015-10,leagueoflegends,7.041652115,99520,1073801,10
2015-10,mildlyinteresting,10.90228063,58851,120659,10
2015-10,movies,11.10351548,100587,326547,10
2015-10,Music,7.951904056,65755,131156,10
2015-10,nba,9.664447925,30857,345058,10
2015-10,news,8.156633939,106063,524330,10
2015-10,nfl,8.416566429,57329,858757,10
2015-10,pcmasterrace,4.302139961,95270,504320,10
2015-10,pics,12.83055508,208518,537223,10
2015-10,politics,5.851310765,65926,497264,10
2015-10,Showerthoughts,9.186017167,71254,193788,10
2015-10,soccer,11.10865554,39592,384665,10
2015-10,technology,11.35953069,51820,155514,10
2015-10,tifu,15.04809357,45490,114016,10
2015-10,todayilearned,12.26809938,150101,497044,10
2015-10,trees,5.445148142,40640,142192,10
2015-10,videos,12.95151617,166532,537225,10
2015-10,worldnews,8.072071864,118460,574134,10
2015-10,WTF,14.01442813,108023,312957,10
2015-11,AdviceAnimals,11.86599798,101331,354039,11
2015-11,AskReddit,14.31953039,553765,3627051,11
2015-11,aww,10.95800828,63672,137449,11
2015-11,DotA2,5.447529809,38158,378350,11
2015-11,explainlikeimfive,7.720812315,62072,185310,11
2015-11,funny,12.67850114,215859,598264,11
2015-11,gaming,9.928167892,133635,451737,11
2015-11,gifs,15.53528211,121966,293688,11
2015-11,GlobalOffensive,5.062832681,53425,421381,11
2015-11,IAmA,21.36814873,60457,119359,11
2015-11,leagueoflegends,6.576798208,99790,949024,11
2015-11,mildlyinteresting,10.721283,54001,104978,11
2015-11,movies,11.38023384,99513,339604,11
2015-11,Music,7.180242986,48957,91356,11
2015-11,nba,9.540181428,38972,560421,11
2015-11,news,9.404289337,112563,540887,11
2015-11,nfl,8.231965564,59089,977077,11
2015-11,pcmasterrace,4.390541632,100899,594248,11
2015-11,pics,12.84190733,203906,513459,11
2015-11,politics,5.264088066,57256,453785,11
2015-11,Showerthoughts,9.404612404,69730,187923,11
2015-11,soccer,11.97312397,36333,364946,11
2015-11,technology,11.09630355,41458,115777,11
2015-11,tifu,14.92819975,43035,107098,11
2015-11,todayilearned,13.5526108,148793,434650,11
2015-11,trees,5.781695759,36152,133511,11
2015-11,videos,14.5415099,169540,509690,11
2015-11,worldnews,9.585368271,156796,717335,11
2015-11,WTF,15.35673783,102835,287567,11
2015-12,AdviceAnimals,11.6514613,99255,346009,12
2015-12,AskReddit,13.46042211,627872,3991132,12
2015-12,aww,12.07040657,69886,134342,12
2015-12,DotA2,5.492673086,42045,441020,12
2015-12,explainlikeimfive,7.165527618,64010,181183,12
2015-12,funny,12.89817132,222154,664201,12
2015-12,gaming,10.115269,122974,340872,12
2015-12,gifs,15.64681614,121319,303964,12
2015-12,GlobalOffensive,5.046077437,66251,528967,12
2015-12,IAmA,18.99878989,55684,111358,12
2015-12,leagueoflegends,5.964528828,92841,812202,12
2015-12,mildlyinteresting,11.59136379,58797,116049,12
2015-12,movies,11.72822469,127243,483012,12
2015-12,Music,8.561272367,44071,96472,12
2015-12,nba,9.898835038,42533,556389,12
2015-12,news,8.060328641,125741,687842,12
2015-12,nfl,8.756490734,62168,859553,12
2015-12,pcmasterrace,4.305008986,90702,537274,12
2015-12,pics,12.95248322,206335,580621,12
2015-12,politics,5.122866543,66214,540727,12
2015-12,Showerthoughts,9.400114103,76216,197356,12
2015-12,soccer,12.124433,38704,413328,12
2015-12,technology,11.47576028,47762,134057,12
2015-12,tifu,14.54194527,47164,131145,12
2015-12,todayilearned,13.73724446,156219,490348,12
2015-12,trees,5.890585439,40465,138913,12
2015-12,videos,13.63443705,173566,502260,12
2015-12,worldnews,8.042239974,120622,606795,12
2015-12,WTF,15.06957462,108532,290708,12